{
  "project_info": {
    "project_number": "787493574027",
    "project_id": "sampleapplication-a3fa5",
    "storage_bucket": "sampleapplication-a3fa5.appspot.com"
  },
  "client": [
    {
      "client_info": {
        "mobilesdk_app_id": "1:787493574027:android:296b4155f83104f7d00b8e",
        "android_client_info": {
          "package_name": "com.example.firebaseloginapp"
        }
      },
      "oauth_client": [
        {
          "client_id": "787493574027-095itgh86btnjhmk1452fhg9dv77v6f3.apps.googleusercontent.com",
          "client_type": 3
        }
      ],
      "api_key": [
        {
          "current_key": "AIzaSyC-9Us_qcBJujjelPUe5A_isY4EZ-B4JBc"
        }
      ],
      "services": {
        "appinvite_service": {
          "other_platform_oauth_client": [
            {
              "client_id": "787493574027-095itgh86btnjhmk1452fhg9dv77v6f3.apps.googleusercontent.com",
              "client_type": 3
            }
          ]
        }
      }
    }
  ],
  "configuration_version": "1"
}